<?xml version="1.0" encoding="UTF-8"?>
<beans xmlns="http://www.springframework.org/schema/beans"
	xmlns:xsi="http://www.w3.org/2001/XMLSchema-instance" xmlns:context="http://www.springframework.org/schema/context"
	xsi:schemaLocation="http://www.springframework.org/schema/beans
     http://www.springframework.org/schema/beans/spring-beans-4.0.xsd
     http://www.springframework.org/schema/context
     http://www.springframework.org/schema/context/spring-context-4.0.xsd">
     
   		
   		
   		<context:annotation-config></context:annotation-config>
   		<context:component-scan base-package="com.capgemini"></context:component-scan>
   		
   		<bean id="properties"
		class="org.springframework.beans.factory.config.PropertyPlaceholderConfigurer">
		<property name="location">
			<value>oracle.properties</value>
		</property>
		</bean>
		
		
		<bean id="dataSource"
		class="org.springframework.jdbc.datasource.DriverManagerDataSource">
		<property name="driverClassName" value="${db.driver}" />
		<property name="url" value="${db.url}" />
		<property name="username" value="${db.user}" />
		<property name="password" value="${db.password}" />
		</bean>
		
		<bean id="jdbcTemplate" class="org.springframework.jdbc.core.JdbcTemplate">
		<constructor-arg ref="dataSource" />
		</bean>
		
		<!-- <bean id="productDAO" class="com.capgemini.dao.ProductDAOImpl">
		 <property name="jdbcTemplate" ref="jdbcTemplate" /> 
		</bean>
	
		<bean id="productService" class="com.capgemini.service.ProductServiceImpl">
		<property name="productDao" ref="productDAO" />
		</bean> -->
		
		
</beans>