<?xml version="1.0" encoding="UTF-8"?>
<beans xmlns="http://www.springframework.org/schema/beans"
	xmlns:xsi="http://www.w3.org/2001/XMLSchema-instance" 
	xmlns:aop="http://www.springframework.org/schema/aop"
	xsi:schemaLocation="http://www.springframework.org/schema/beans 
	http://www.springframework.org/schema/beans/spring-beans-4.0.xsd">

	<bean class="com.cg.beans.SBU" id="sbu">
	<property name="sbuId" value="PES-BU"></property>
	<property name="name" value="Product Engineering Services"></property>
	<property name="sbuHead" value="Kiran Rao"/>
	<property name="eList">
		<list>
			<ref bean="empp"/>
			<ref bean="emppp"/>
		</list>
	</property>
	</bean>
	
	<bean class="com.cg.beans.Employee" id="empp">
	<property name="id" value ="12345"></property>
	<property name="name" value="Harriet"></property>
	<property name="salary" value="40000"></property>
	<property name="age" value="30"></property>
	</bean>
	
	<bean class="com.cg.beans.Employee" id="emppp">
	<property name="id" value ="12346"></property>
	<property name="name" value="Robb Stark"></property>
	<property name="salary" value="50000"></property>
	<property name="age" value="33"></property>
	</bean>
</beans>